{
  "urls": [
    "sound/sound.mp3",
    "sound/sound.ogg"
  ],
  "sprite": {
    "bgMusic_full": [
      0,
      97233.58276643991
    ],
    "bgMusic": [
      99000,
      4960.453514739228,
      true
    ],
    "collision": [
      105000,
      747.2562358276633
    ],
    "sip": [
      107000,
      1768.0725623582703
    ]
  }
}
